{"text": " So you're running a little late today, and you haven't had your fresh cup of coffee yet. No matter the weather or traffic, we deliver fresh coffee and bagels. The Java Cafe", "segments": [{"id": 0, "seek": 0, "start": 0.0, "end": 17.76, "text": " So you're running a little late today, and you haven't had your fresh cup of coffee yet.", "tokens": [50364, 407, 291, 434, 2614, 257, 707, 3469, 965, 11, 293, 291, 2378, 380, 632, 428, 4451, 4414, 295, 4982, 1939, 13, 51252], "temperature": 0.0, "avg_logprob": -0.23827474013618802, "compression_ratio": 1.3129770992366412, "no_speech_prob": 0.03448940068483353}, {"id": 1, "seek": 0, "start": 17.76, "end": 25.96, "text": " No matter the weather or traffic, we deliver fresh coffee and bagels.", "tokens": [51252, 883, 1871, 264, 5503, 420, 6419, 11, 321, 4239, 4451, 4982, 293, 3411, 1625, 13, 51662], "temperature": 0.0, "avg_logprob": -0.23827474013618802, "compression_ratio": 1.3129770992366412, "no_speech_prob": 0.03448940068483353}, {"id": 2, "seek": 0, "start": 25.96, "end": 27.080000000000002, "text": " The Java Cafe", "tokens": [51662, 440, 10745, 35864, 51718], "temperature": 0.0, "avg_logprob": -0.23827474013618802, "compression_ratio": 1.3129770992366412, "no_speech_prob": 0.03448940068483353}], "language": "en"}